year,month,oilpricenominal,oilpricereal2009,algeria,angola,ecuador,iran,iraq,kuwait,libya,nigeria,qatar,saudiarabia,uae,venezuela,canada,china,egypt,mexico,norway,unitedstates,uk,totalopec,totalnonopec,totalworld,opecquantities,nonopecquantities
1973,1,3.56,17.645,1142,162,230,5808,1527,3768,2293,1936,581,6876,1416,3272,1778,1012,193,453,36.773,9175.9,2,29011,25378,54389,29011,12650.673
1973,2,3.56,17.521,1142,162,230,5835,1687,3340,2250,1944,613,7194,1597,3309,1792,1012,191.09,458,25.841,9395.2,2,29303,25627,54930,29303,12876.131
1973,3,3.56,17.36,1142,162,225,5832,2044,2753,2287,1933,604,7481,1548,3330,1826,1012,196.82,458,39.755,9271.9,2,29341,25654,54995,29341,12806.475
1973,4,3.56,17.24,1142,162,120,5769,2152,2699,2318,1963,591,7359,1602,3360,1787,1012,206.37,463,26.835,9291.9,2,29237,25812,55049,29237,12789.105
1973,5,3.56,17.122,1153,162,160,5842,2117,2827,2251,1957,586,8316,1613,3426,1721,1012,206.37,468,37.767,9262.4,2,30410,25913,56323,30410,12709.537
1973,6,3.56,17.006,1153,162,200,5826,2051,2857,2276,2007,560,7553,1537,3383,1889,1012,200.64,468,37.767,9213.9,2,29565,26146,55711,29565,12823.307
1973,7,3.56,16.968,1142,162,220,5873,2099,3283,2176,2000,606,8682,1613,3391,1803,1062,224.53,463,33.792,9217.1,2,31247,26173,57420,31247,12805.422
1973,8,4.31,20.178,1142,162,220,5701,2091,3012,2096,2110,568,8423,1674,3396,1799,1062,224.53,463,33.792,9168.5,2,30595,26155,56750,30595,12752.822
1973,9,4.31,20.133,1142,162,220,5792,2166,3483,2273,2112,609,8532,1660,3406,1735,1062,224.53,463,33.792,9065.3,2,31557,26187,57744,31557,12585.622
1973,10,4.31,19.957,1059,162,220,5977,1846,3060,2370,2200,600,7796,1669,3381,1802,1180,57.326,473,36.773,9223.9,2,30340,26274,56614,30340,12774.999
1973,11,4.31,19.826,914,162,220,6008,2203,2617,1756,2210,474,6267,1297,3395,1821,1180,28.663,473,36.773,9161,2,27523,26343,53866,27523,12702.436
1973,12,4.31,19.698,893,162,240,6070,2215,2558,1759,2266,456,6614,1171,3340,1825,1450,28.663,473,3.975,9063.2,2,27744,26533,54277,27744,12845.838
1974,1,10.11,45.808,1046,169,240,6100,1994,2839,2007,2194,517,7513,1388,3284,1676,1165,84.117,497,2.018,8933.9,2,29291,26183,55474,29291,12360.035
1974,2,10.11,45.226,1067,169,240,6154,1975,2850,1921,2194,516,7796,1511,3230,1675,1165,84.117,497,25.221,9142.2,2,29623,26320,55943,29623,12590.538
1974,3,10.11,44.658,1067,169,250,6122,1986,2842,1859,2299,517,8131,1736,3189,1709,1165,115.66,533,17.15,8965.4,2,30167,26208,56375,30167,12507.21
1974,4,10.11,44.472,1089,169,255,6172,2164,2837,1713,2284,518,8654,1854,3053,1644,1165,105.15,543,13.115,8954,2,30762,26348,57110,30762,12426.265
1974,5,10.11,43.923,1089,169,240,6179,1753,2846,1926,2259,518,9014,1856,2939,1573,1219,157.72,543,30.265,8910.6,2,30788,26491,57279,30788,12435.585
1974,6,10.11,43.564,1035,169,240,6060,1851,2870,1753,2345,519,8885,1821,2953,1528,1219,168.24,589,38.336,8780.2,2,30501,26357,56858,30501,12324.776
1974,7,10.11,43.212,980,169,100,6061,1905,2287,1564,2205,519,8783,1933,2949,1522,1219,168.24,615,47.416,8780.1,2,29455,26310,55765,29455,12353.756
1974,8,10.11,42.693,1035,169,120,5953,1938,2069,1258,2308,515,8275,1779,2868,1493,1219,178.75,594,47.416,8698.9,2,28287,26015,54302,28287,12233.066
1974,9,10.11,42.187,980,169,125,5833,1871,2226,1309,2321,514,8763,1704,2778,1467,1219,180.85,594,50.442,8442.9,2,28593,26248,54841,28593,11956.192
1974,10,11.16,46.113,980,169,105,5717,1991,2061,1056,2334,524,9052,1489,2818,1451,1625,184.01,615,44.389,8611.3,2,28296,26717,55013,28296,12532.699
1974,11,11.16,45.754,871,169,70,6012,1921,2547,949,2247,518,8812,1530,2826,1334,1625,184.01,615,57.504,8568.8,2,28472,26616,55088,28472,12386.314
1974,12,11.16,45.402,871,169,145,5912,2301,2321,963,2071,518,8053,1536,2841,1544,1761,184.01,615,46.407,8526.5,2,27701,26895,54596,27701,12678.917
1975,1,11.16,45.228,786,165,140,5544,2066,2030,956,1991,512,7839,1088,2747,1558,1335,191.6,660,23.976,8455,1,25864,26556,52420,25864,12224.576
1975,2,11.16,44.883,786,165,178,5900,1941,2155,894,1807,500,6754,1007,2565,1469,1335,191.6,671,76.924,8591.1,1,24652,26756,51408,24652,12335.624
1975,3,11.16,44.713,1010,165,25,5513,2093,2321,928,1718,428,6550,1424,2535,1352,1335,191.6,673,122.88,8493.5,1,24710,26616,51326,24710,12168.98
1975,4,11.16,44.544,1010,165,208,5456,2414,2143,1071,1535,515,5917,1660,2490,1197,1335,191.6,673,149.85,8456.6,1,24584,26362,50946,24584,12004.05
1975,5,11.16,44.292,898,165,143,5094,2364,1924,1271,1551,469,6989,1678,2394,1197,1335,208.03,693,149.85,8378.8,1,24940,26241,51181,24940,11962.68
1975,6,11.16,43.962,1010,165,140,5126,2261,2222,1494,1621,329,6818,1897,2439,1468,1335,208.03,732,218.78,8420.8,7,25522,26953,52475,25522,12389.61
1975,7,11.16,43.475,1010,165,145,5437,2377,2106,2067,1631,261,6980,2023,2336,1468,1591,251.82,781,255.75,8335.7,12,26538,27318,53856,26538,12695.27
1975,8,11.16,43.395,1010,165,193,5508,2390,1956,2061,1760,411,8208,1829,2285,1472,1591,254.01,686,218.78,8248.8,15,27776,27241,55017,27776,12485.59
1975,9,11.16,43.157,1010,165,186,6104,2541,2708,1763,1926,279,8407,1834,2316,1527,1591,251.82,703,300.7,8279.6,9,29239,27502,56741,29239,12662.12
1975,10,11.16,42.921,1010,165,181,4730,2485,1579,1625,1914,393,5869,1632,2244,1434,1694,251.82,712,261.74,8324.4,10,23827,27562,51389,23827,12687.96
1975,11,11.16,42.61,1122,165,204,4995,2120,1785,1760,1956,554,6947,2010,2045,1451,1694,295.62,732,229.77,8277.9,12,25663,27529,53192,25663,12692.29
1975,12,11.16,42.457,1122,165,192,4854,2070,2099,1818,1986,608,7585,1845,1771,1571,1694,328.46,742,252.75,8253.5,71,26115,27801,53916,26115,12912.71
1976,1,11.16,42.381,1071,108,175,4940,2044,1806,1748,1996,496,7464,1902,1675,1288,1667,325.24,774,263.93,8231.8,117,25425,27708,53133,25425,12666.97
1976,2,12.03,45.521,1071,108,185,5018,2245,2004,1829,2067,482,7969,1902,2002,1217,1516,304.91,774,278.93,8231.2,117,26882,27683,54565,26882,12439.04
1976,3,12.1,45.704,1071,108,215,5744,2413,1758,1853,2015,508,8365,1872,2289,1203,1541,320.16,774,267.93,8232.2,127,28211,27716,55927,28211,12465.29
1976,4,12.17,45.804,1071,108,200,5502,1609,1888,1921,2061,496,8270,1873,2401,1117,1667,320.16,785,195.95,8077,142,27400,27505,54905,27400,12304.11
1976,5,12.17,45.48,1071,108,205,5600,1385,1642,1958,2079,507,8450,1874,2410,1328,1667,320.16,805,168.96,8124.5,188,27289,27851,55140,27289,12601.62
1976,6,12.17,45.24,1071,108,115,6102,2011,1848,1981,2092,505,8526,1944,2371,1451,1667,320.16,852,281.93,8094.4,203,28674,28276,56950,28674,12869.49
1976,7,12.17,45.002,1017,108,115,5576,2402,1851,1989,2046,502,8971,1947,2481,1259,1667,330.32,857,318.92,8127.2,259,29005,28288,57293,29005,12818.44
1976,8,12.17,44.767,1017,108,200,5823,2681,1897,2013,1934,528,8738,1962,2447,1244,1667,335.4,857,324.92,8110.6,259,29348,28351,57699,29348,12797.92
1976,9,13.9,50.953,1017,108,215,6461,2681,2378,2008,2044,466,8323,1979,2429,1262,1667,345.57,857,309.92,8149.6,307,30109,28487,58596,30109,12898.09
1976,10,13.9,50.689,1071,108,200,6507,2904,2652,1987,2110,474,9236,2024,2364,1360,1768,345.57,878,348.91,8063.3,330,31637,28754,60391,31637,13093.78
1976,11,13.9,50.602,1178,108,215,6677,3239,2691,1885,2177,489,9394,1954,2264,1347,1768,345.57,878,239.94,8079.6,406,32271,28684,60955,32271,13064.11
1976,12,13.9,50.428,1178,108,210,6630,3351,3325,2020,2187,510,9185,1998,2388,1683,1768,345.57,878,344.91,8060.6,482,33090,29372,62462,33090,13562.08
1977,1,13.9,50.169,1230,194,219.7,5059,2000,1480,2038,2193,460,8609,1924,2380,1289,1841,348.09,886,346.36,7854.1,532,27787,29046,56833,27786.7,13096.55
1977,2,13.9,49.66,1230,194,209.73,6052,2631,2015,2072,2192,407,9634,2038,2332,1348,1841,348.09,935,336.35,8138.9,643,31007,29642,60649,31006.73,13590.34
1977,3,13.9,49.326,1195,194,159.86,6275,2421,1981,2068,2254,496,9890,2003,2367,1329,1841,382.9,935,319.33,8089.6,720,31304,29840,61144,31303.86,13616.83
1977,4,13.9,48.915,1230,194,179.81,5412,2210,2046,2129,2254,431,10198,2058,2180,1223,1841,421.68,955,237.24,8144.9,718,30522,29664,60186,30521.81,13540.82
1977,5,13.9,48.671,1118,194,179.81,5741,2316,1488,2138,2206,390,8507,2044,2125,1312,1841,432.62,965,146.15,8074.7,836,28447,29815,58262,28446.81,13607.47
1977,6,13.9,48.351,1118,194,199.75,5104,2316,1660,2093,2096,415,9634,2034,2230,1411,1841,442.57,985,205.21,8101.9,827,29094,30064,59158,29093.75,13813.68
1977,7,13.9,48.113,1006,194,154.88,4713,2105,1603,1896,2061,398,9839,2040,2209,1162,1852,442.57,983,219.23,8104.6,768,28219,29809,58028,28218.88,13531.4
1977,8,14.85,51.233,1006,194,189.78,5660,2105,1846,2120,2016,512,8711,1927,2284,1325,1852,442.57,994,273.28,8306.8,821,28571,30283,58854,28570.78,14014.65
1977,9,14.85,51.066,1006,194,149.89,5972,2526,2397,2044,2023,332,8711,1994,2366,1244,1894,434.61,1001,263.27,8479.7,849,29715,30374,60089,29714.89,14165.58
1977,10,14.85,50.901,1230,194,179.81,5531,2526,1921,2115,1946,530,8711,2016,2350,1242,1947,424.67,1018,303.31,8573.4,840,29250,30711,59961,29249.81,14348.38
1977,11,14.85,50.654,1230,194,179.81,6086,2526,2466,2075,1915,486,8968,1928,2074,1431,1947,427.65,1044,321.33,8579.3,806,30128,30985,61113,30127.81,14556.28
1977,12,14.85,50.491,1230,194,199.75,6385,2526,2751,1972,1872,476,9583,1987,1965,1541,1947,427.65,1068,391.4,8487,851,31141,31209,62350,31140.75,14713.05
1978,1,14.85,50.168,1125,131,175,5327,2047,1757,1761,1620,456,7828,1733,1802,1254,2009,440.95,1108,392.21,8359.7,885,25762,30943,56705,25762,14448.86
1978,2,14.85,49.849,1125,131,169,5567,2437,1774,1802,1549,483,8446,1878,1640,1338,2009,450.97,1121,382.21,8376.6,945,27001,31207,58208,27001,14622.78
1978,3,14.85,49.455,1125,131,192,5639,2437,2181,1884,1505,428,7725,1854,2085,1333,2009,476.02,1101,357.2,8720.1,874,27186,31531,58717,27186,14870.32
1978,4,14.85,49.068,1125,131,227,5648,2437,2033,1877,1862,515,8034,1761,2251,1124,2064,481.03,1140,365.2,8817.5,981,27901,31709,59610,27901,14972.73
1978,5,14.85,48.612,1125,131,205,5742,2340,1890,1924,1702,381,7313,1876,2038,1179,2064,481.03,1152,344.19,8825.3,1108,26667,31929,58596,26667,15153.52
1978,6,14.85,48.09,1125,131,203,5801,2340,1984,1991,1975,456,7519,1848,2372,1524,2064,481.03,1169,269.15,8832.5,1114,27745,32236,59981,27745,15453.68
1978,7,14.85,47.724,1125,131,227,5842,2340,1978,2094,1893,486,7416,1834,2309,1160,2064,501.08,1207,358.2,8756.2,1092,27675,31880,59555,27675,15138.48
1978,8,14.85,47.507,1378,131,180,5846,2583,2394,2024,2038,547,7107,1839,2206,1283,2064,501.08,1241,376.21,8758.1,1104,28273,32084,60357,28273,15327.39
1978,9,14.85,47.15,1378,131,205,6093,2827,2637,2014,2086,517,8343,1834,2275,1238,2118,501.08,1269,366.2,8800.3,1088,30340,32137,62477,30340,15380.58
1978,10,14.85,46.728,1378,131,207,5528,2924,2091,2046,2091,510,9270,1840,2328,1363,2172,501.08,1299,351.19,8820,1156,30344,32562,62906,30344,15662.27
1978,11,14.85,46.52,1378,131,225,3517,3022,2682,2171,2252,477,10249,1832,2272,1490,2172,501.08,1327,355.19,8741.1,1282,30208,32846,63054,30208,15868.37
1978,12,14.85,46.314,1378,131,205,2387,3022,2163,2194,2176,588,10403,1844,2367,1512,2172,501.08,1368,355.19,8661.5,1350,28858,32833,61691,28858,15919.77
1979,1,14.85,45.907,1223,147,235,729,3325,2616,2125,2423,556,9789,1832,2342,1437,2093,522.4,1395,364.46,8474.7,1499,27342,32806,60148,27342,15785.56
1979,2,15.85,48.431,1362,147,225,729,3325,2616,2165,2423,556,9789,1830,2342,1559,2093,522.4,1395,364.46,8525.4,1499,27509,32964,60473,27509,15958.26
1979,3,15.85,47.946,1362,147,225,2448,3325,2275,2174,2430,369,9789,1819,2422,1544,2093,522.4,1399,357.47,8601.1,1334,28785,32848,61633,28785,15850.97
1979,4,15.85,47.403,1362,147,215,4167,3325,2559,2090,2411,544,8758,1748,2380,1499,2143,518.22,1395,392.42,8553.1,1453,29706,33164,62870,29706,15953.74
1979,5,18.1,53.45,1362,147,220,4063,3325,2616,2056,2445,544,8758,1859,2377,1451,2093,505.68,1400,377.44,8601,1636,29772,32895,62667,29772,16064.12
1979,6,19.1,55.779,1362,147,220,4063,3527,2616,2049,2395,458,8758,1860,2246,1516,2093,506.73,1411,355.47,8431.6,1736,29701,33218,62919,29701,16049.8
1979,7,21.75,62.823,1112,147,175,3958,3527,2587,2053,2346,521,9789,1836,2326,1507,2093,506.73,1436,375.44,8363.8,1699,30377,33175,63552,30377,15980.97
1979,8,26.5,75.817,1112,147,215,3646,3527,2559,2021,2326,535,9789,1831,2324,1438,2093,511.95,1452,414.39,8547.8,1629,30032,33393,63425,30032,16086.14
1979,9,28.5,80.665,1112,147,215,3646,3527,2502,2061,2112,455,9789,1838,2358,1478,2093,522.4,1471,475.3,8523.1,1667,29762,33421,63183,29762,16229.8
1979,10,29,81.425,1112,147,215,3958,3527,2445,2063,2026,490,9789,1784,2354,1534,2192,522.4,1509,356.47,8621.2,1609,29910,33719,63629,29910,16344.07
1979,11,31,86.238,1112,147,210,3438,3728,2388,2130,2146,528,9789,1866,2389,1513,2192,564.19,1615,499.26,8760.6,1514,29871,34083,63954,29871,16658.05
1979,12,32.5,89.467,1112,147,200,3021,3728,2235,2124,2147,544,9789,1874,2407,1532,2192,574.64,1652,503.25,8614.5,1538,29328,34162,63490,29328,16606.39
1980,1,32.5,88.202,1306,150,215,2605,3336,2216,2103,2147,502,9767,1740,2281,1507,2095,550.52,1721,531.78,8675.5,1609,28368,33980,62348,28368,16689.8
1980,2,37,99.015,1306,150,210,2832,3336,2440,2103,2147,457,9767,1737,2206,1491,2095,581.49,1723,570.42,8704.5,1660,28691,34025,62716,28691,16825.41
1980,3,38,100.17,1306,150,175,2265,3336,2122,2003,2153,498,9767,1697,1989,1513,2095,597.47,1829,516.14,8698.4,1686,27461,34186,61647,27461,16935.01
1980,4,39.5,102.96,1088,150,230,2039,3336,1541,1752,2186,498,9767,1706,2052,1383,2095,599.47,1887,496.82,8684.7,1552,26345,34046,60391,26345,16697.99
1980,5,39.5,101.96,1088,150,210,1472,3336,1480,1702,2138,477,9767,1762,2047,1468,2095,599.47,1910,513.38,8635,1627,25629,34150,59779,25629,16847.85
1980,6,39.5,100.85,1088,150,210,1699,3336,1579,1702,2192,441,9767,1746,2060,1522,2095,599.47,1906,508.78,8554,1597,25970,34039,60009,25970,16782.25
1980,7,39.5,100.85,980,150,205,1699,3240,1335,1682,2098,460,9767,1710,2171,1502,2145,599.47,2014,245.65,8547.2,1587,25497,34112,59609,25497,16640.32
1980,8,38,96.32,980,150,220,1472,3240,1374,1692,2047,468,9767,1665,2211,1472,2145,574.49,1999,502.34,8414.2,1535,25286,34160,59446,25286,16642.03
1980,9,36,90.49,980,150,165,1246,2764,1258,1682,1598,461,9767,1671,2191,1385,2145,574.49,2124,460.93,8619.2,1541,23933,34365,58298,23933,16849.62
1980,10,36,89.636,1088,150,210,510,143,1318,1667,1877,440,10199,1671,2228,1271,2120,604.47,2182,486.7,8531.9,1574,21501,34342,55842,21501,16770.07
1980,11,36,88.902,1088,150,205,793,286,1438,1682,2059,475,10414,1695,2231,1388,2120,624.45,1901,494.06,8495.1,1734,22516,34153,56669,22516,16756.61
1980,12,37,90.525,980,150,195,1359,524,1797,1682,2016,483,10281,1706,2351,1322,2120,634.44,2027,508.78,8605.7,1762,23524,34524,58048,23524,16979.92
1981,1,38,92.223,1111,130,215,1243,436,1837,1652,2092,507,10180,1579,2214,1391,2020,579.59,2220,505.26,8539.9,1755,23196,34696,57892,23196,17010.75
1981,2,38,91.279,1111,130,225,1554,763,1550,1704,1943,482,10180,1564,2189,1390,2020,579.59,2121,509.04,8604.1,1797,23395,34762,58157,23395,17020.73
1981,3,38,90.66,1111,130,220,1864,1046,1515,1642,1868,507,9976,1568,2229,1282,2020,624.56,2367,492.01,8613,1887,23676,35133,58809,23676,17285.57
1981,4,38,90.05,1049,130,200,1657,872,959,1652,1623,513,10180,1619,2194,1329,2020,594.58,2539,483.5,8556.9,1864,22648,35156,57804,22648,17386.98
1981,5,38,89.348,1049,130,200,1657,1019,1019,1446,1293,436,10180,1486,2169,1250,2020,569.59,2546,527.02,8501.3,1727,22084,34910,56994,22084,17140.91
1981,6,36,83.898,987,130,210,1450,1090,1079,1136,1350,342,10180,1397,1985,1233,2020,559.6,2559,560.14,8628.6,1765,21336,34975,56311,21336,17325.34
1981,7,36,82.982,987,130,200,1450,981,1234,723,773,378,10282,1377,1755,1272,2010,554.61,2098,521.34,8499.9,1750,20270,34746,55016,20270,16705.85
1981,8,36,82.353,987,130,220,1243,1090,755,620,707,295,10384,1443,1955,1233,2010,589.58,2262,320.75,8582.9,1759,19829,34251,54080,19829,16757.23
1981,9,36,81.557,925,130,215,1243,1090,809,620,1061,363,9264,1426,2092,1267,2010,634.55,2479,444.7,8604,1828,19238,34953,54191,19238,17267.25
1981,10,35,79.122,925,130,220,932,1090,959,723,1250,363,9671,1440,1975,1119,2000,634.55,2489,376.58,8562.9,1847,19678,34878,54556,19678,17029.03
1981,11,36,81.122,925,130,210,1036,1199,929,774,1460,340,8653,1331,2224,1281,2000,624.56,2091,500.53,8586,1842,19211,34772,53983,19211,16925.09
1981,12,35,78.617,864,130,200,1243,1308,875,1033,1820,342,8653,1463,2254,1379,2000,629.55,1982,458.9,8585.4,1913,20185,34764,54949,20185,16947.85
1982,1,33.85,75.792,916,122,200,1219,1439,864,860,1745,402,8659,1407,1989,1252,2045,649.95,2314,519.03,8509.5,1907,19822,34874,54696,19822,17196.48
1982,2,31.56,70.441,916,122,210,1108,1550,864,669,1406,374,8353,1399,1734,1309,2045,649.95,2552,505.98,8702.2,1895,18705,35353,54058,18705,17659.13
1982,3,28.48,63.633,844,122,215,1330,1218,741,669,937,309,7335,1378,1834,1214,2045,649.95,2544,506.99,8667.3,1969,16932,35304,52236,16932,17596.24
1982,4,33.45,74.423,903,122,190,1663,886,679,765,884,231,6621,1246,1533,955,2045,661.99,2780,527.07,8591.3,2100,15723,35214,50937,15723,17660.36
1982,5,35.93,79.19,942,122,200,2217,886,741,860,1314,321,6010,1197,1503,1171,2045,661.99,2713,473.86,8683.4,2081,16313,35470,51783,16313,17829.25
1982,6,35.07,76.338,982,122,210,2438,886,803,1147,1656,407,6621,1228,1513,1341,2045,661.99,2790,445.75,8646.1,2060,18013,35711,53724,18013,17989.84
1982,7,34.16,73.976,982,122,220,2438,886,864,1243,1265,274,6316,1228,1844,1265,2045,672.02,2788,486.91,8658,2087,17682,35622,53304,17682,18001.93
1982,8,33.95,73.371,903,122,215,2549,886,988,1243,1111,340,6010,1228,1964,1332,2045,667.01,2793,493.94,8633.6,2045,17559,35667,53226,17559,18009.55
1982,9,35.63,76.844,1047,122,215,2549,886,864,1434,1170,286,5603,1228,1994,1287,2045,656.97,2830,438.72,8700.9,2149,17398,35683,53081,17398,18107.59
1982,10,35.68,76.717,1178,122,220,2771,886,864,1625,1489,380,5603,1228,2165,1340,2045,677.03,2900,395.55,8701.5,2181,18531,36266,54797,18531,18240.08
1982,11,34.15,73.577,1178,122,220,3103,886,864,1625,1361,309,5603,1228,2305,1456,2045,702.11,2939,548.15,8697.3,2143,18804,36582,55386,18804,18530.56
1982,12,31.72,68.621,1047,122,215,3103,886,741,1625,1209,327,5195,1017,2338,1334,2045,727.19,3027,567.22,8597.9,2153,17825,36427,54252,17825,18451.31
1983,1,31.19,67.337,1005,123,215,2716,850,780,1130,880,255,4950,1062,2098,1205,2085,730.67,2983,542.48,8696.9,2135,16064,36705,52769,16064,18378.05
1983,2,28.95,62.437,855,153,230,2414,850,895,925,675,200,3510,1062,1791,1333,2110,740.67,2298,625.16,8758.5,2315,13560,36258,49818,13560,18180.33
1983,3,28.82,62.157,855,163,230,2213,900,965,925,905,170,3910,1037,2093,1366,2110,740.67,2418,615.08,8700.2,2265,14366,36376,50742,14366,18214.95
1983,4,30.61,65.549,1005,164,230,2012,950,880,1030,1150,260,3930,1147,1726,1234,2120,755.69,2673,604.99,8775.6,2170,14484,36481,50965,14484,18333.28
1983,5,30,63.854,855,164,230,2313,1000,1030,1130,1625,275,4725,1177,1695,1293,2120,755.69,2798,604.99,8631.5,2235,16219,36446,52665,16219,18438.18
1983,6,31,65.783,1005,189,225,2514,1000,920,1130,1535,300,4620,1182,1700,1475,2120,770.7,2778,631.21,8667.1,2045,16320,36555,52875,16320,18487.01
1983,7,31.66,66.915,1005,189,235,2816,1050,1086,1130,1710,300,5536,1177,1705,1450,2120,695.63,2688,657.42,8636,2280,17939,36719,54658,17939,18527.05
1983,8,31.91,67.241,1005,189,250,2514,1100,1181,1130,1300,265,5931,1187,1741,1392,2130,708.65,2778,565.67,8679.1,2290,17793,36712,54505,17793,18543.42
1983,9,31.11,65.23,1005,189,250,2716,1050,1376,1180,1220,310,6026,1187,1736,1406,2130,710.65,2738,594.91,8784.3,2385,18245,36914,55160,18245,18748.86
1983,10,30.41,63.573,1005,190,250,2414,1100,1305,1180,1290,320,6005,1167,1750,1362,2130,715.65,2663,639.28,8770.6,2355,17976,36922,54898,17976,18635.53
1983,11,29.84,62.258,1005,205,250,2313,1150,1265,1180,1245,460,5915,1197,1781,1387,2130,690.63,2733,643.31,8770.4,2490,17966,37300,55267,17966,18844.34
1983,12,29.24,60.946,1005,205,250,2313,1050,1075,1180,1310,420,5825,1197,1786,1372,2130,710.65,2693,656.42,8396.5,2530,17616,36845,54461,17616,18488.57
1984,1,29.69,61.519,1033,205,250,2200,1100,1080,1100,1335,445,5130,1200,1825,1370,2225,748.8,2700,709.87,8867.8,2510,16903,37674,54577,16903,19131.47
1984,2,30.145,62.157,954,205,250,2300,1000,1240,1100,1530,315,5040,1200,1800,1445,2225,769.75,2785,659.68,8874.4,2585,16934,37994,54928,16934,19343.83
1984,3,30.761,63.304,954,200,250,2400,1200,1293,1100,1525,440,4843,1205,1800,1475,2225,769.75,2740,649.43,8671.9,2465,17210,37440,54650,17210,18996.08
1984,4,30.618,62.704,954,200,260,2200,1200,1250,1200,1270,400,5150,1205,1800,1430,2250,769.75,2800,672.99,8862.4,2460,17089,37760,54849,17089,19245.14
1984,5,30.52,62.322,1033,200,250,1700,1200,1200,1200,1270,400,5000,1200,1825,1415,2250,769.75,2830,703.72,8955.4,2425,16478,37990,54468,16478,19348.87
1984,6,29.967,61.016,1113,200,260,2200,1200,1200,1250,1370,500,5450,1225,1790,1470,2250,785.46,2850,684.26,8852.3,2335,17758,37987,55745,17758,19227.02
1984,7,28.752,58.317,1033,215,265,2400,1200,1110,1100,1175,430,5010,1090,1845,1515,2330,769.75,2875,625.88,8884.9,2455,16873,38152,55025,16873,19455.53
1984,8,29.25,59.1,1033,215,265,1800,1300,1220,1000,1125,400,4520,990,1805,1435,2330,774.99,2710,698.6,8809.4,2285,15673,37673,53346,15673,19042.99
1984,9,29.311,58.941,1033,215,265,1900,1300,1183,1000,1370,480,4133,1110,1835,1330,2365,910.09,2735,728.31,8993.3,2420,15824,37981,53805,15824,19481.7
1984,10,28.765,57.678,1033,215,260,2100,1200,1129,1000,1565,380,4129,1060,1785,1460,2365,916.37,2705,772.36,8905.6,2600,15856,38361,54217,15856,19724.33
1984,11,28.098,56.341,1033,214,260,2400,1300,990,1000,1565,280,3990,1060,1710,1460,2365,937.32,2775,781.58,8978.6,2590,15802,38432,54234,15802,19887.5
1984,12,25.429,50.989,954,212,260,2500,1300,990,1000,1565,260,3590,1210,1755,1445,2365,942.55,2860,798.99,8896.7,2630,15596,38598,54194,15596,19938.24
1985,1,25.641,51.317,1032,209.69,262,1942,1250,1118,1000,1423,270,3510,1100,1673,1416,2475,889.75,2645,700.7,8739.5,2755,14790,38168,52958,14789.69,19620.95
1985,2,27.271,54.322,1064,209.69,273,2147,1250,1133,1000,1718,290,4025,1160,1678,1462,2475,924.74,2695,690.9,9024.8,2625,15948,38480,54427,15947.69,19897.44
1985,3,28.238,56.036,1112,209.69,283,2249,1200,1092,1000,1728,315,3835,1215,1683,1516,2475,934.74,2820,739.9,9094.9,2575,15922,38725,54646,15921.69,20155.54
1985,4,28.805,56.894,1048,229.66,283,2351,1370,977,1000,1626,260,3470,1215,1678,1415,2505,914.75,2835,749.7,9043.3,2610,15508,38713,54221,15507.66,20072.75
1985,5,27.623,54.356,1048,229.66,283,2045,1300,946,1100,1474,290,2590,1160,1688,1467,2505,854.76,2800,749.7,9132,2520,14154,38630,52784,14153.66,20028.46
1985,6,27.143,53.263,967,204.7,252,2249,1370,926,980,1118,300,2420,1100,1673,1463,2505,854.76,2565,637,9021.8,2430,13560,37766,51325,13559.7,19476.56
1985,7,27.329,53.528,967,219.67,283,2249,1450,946,910,1016,320,2740,1155,1673,1480,2515,889.75,2630,808.5,8948.7,2365,13929,38425,52354,13928.67,19636.95
1985,8,27.755,54.262,967,239.65,283,2453,1400,946,910,1220,320,2340,1200,1673,1447,2515,904.75,2805,788.9,8802.6,2195,13952,38265,52217,13951.65,19458.25
1985,9,28.289,55.153,1048,239.65,293,2249,1600,987,1100,1474,295,2980,1285,1673,1448,2515,899.75,2825,833,8953.7,2575,15224,38873,54097,15223.65,20049.45
1985,10,29.538,57.376,1048,259.61,293,2351,1650,1062,1200,1728,320,3910,1255,1673,1485,2525,859.76,2760,842.8,8969.9,2645,16750,39030,55780,16749.61,20087.46
1985,11,30.813,59.688,1096,279.58,293,2249,1700,1057,1200,1789,300,4200,1250,1678,1535,2525,859.76,2805,891.8,8902,2655,17092,39166,56258,17091.58,20173.56
1985,12,27.228,52.598,1048,239.65,293,2453,1650,1087,1300,1646,335,4680,1225,1683,1517,2525,859.76,2750,831.04,9029.5,2420,17640,38933,56573,17639.65,19932.3
1986,1,22.945,44.203,1023,261.98,305,2275,1650,1115,1100,1197,333,4310,1179,1730,1491,2576,849.84,2515,822.34,9137,2656,16479,39046,55525,16478.98,20047.18
1986,2,15.442,29.83,866,261.73,305,2166,1650,1315,900,1397,301,4551,1369,1730,1399,2576,849.84,2129,836.85,9173.4,2715,16812,38723,55535,16811.73,19679.09
1986,3,12.618,24.487,944,271.79,315,1950,1650,1516,900,1597,324,3972,1321,1730,1356,2576,789.85,2225,861.04,9013.3,2700,16491,38547,55038,16490.79,19521.19
1986,4,12.847,24.977,944,271.79,320,2166,1500,1521,900,1697,167,4556,1274,1730,1392,2576,789.85,2365,324.1,8863.9,2571,17047,38095,55142,17046.79,18881.85
1986,5,15.444,29.944,944,281.84,320,2275,1710,1511,1100,1597,333,4208,1416,1730,1443,2576,834.84,2535,812.66,8837.5,2536,17426,38895,56320,17425.84,19575
1986,6,13.469,25.972,944,286.87,320,2275,1800,1651,1200,1536,398,5068,1511,1755,1559,2576,744.86,2555,832.01,8623.3,2190,18745,38346,57091,18744.87,19080.17
1986,7,11.575,22.319,944,291.9,320,2220,1800,1806,1150,1552,371,5700,1511,1770,1547,2576,594.89,2545,909.41,8659.6,2599,19436,38792,58228,19435.9,19430.9
1986,8,15.092,29.048,944,291.9,280,1841,1800,1734,1150,1761,371,6209,1539,2115,1534,2576,769.86,2575,909.41,8373.5,2589,20036,38844,58880,20035.9,19326.77
1986,9,14.913,28.573,944,286.87,235,1625,1800,1118,990,1297,259,4651,1274,1760,1519,2641,904.83,2380,856.2,8328.1,2549,16240,38614,54854,16239.87,19178.13
1986,10,14.852,28.431,944,291.9,230,1625,1800,1130,1000,1322,278,4855,1283,1750,1536,2641,789.85,2330,909.41,8418.8,2564,16509,38701,55210,16508.9,19189.06
1986,11,15.207,29.084,944,291.9,285,1841,1605,1350,1000,1322,278,5164,1132,1780,1447,2776,924.83,2460,991.65,8412.5,2467,16993,39145,56138,16992.9,19478.98
1986,12,16.076,30.718,944,291.9,285,2166,1510,1250,1000,1322,278,5164,1151,1855,1461,2776,919.83,2575,1020.7,8352.5,2338,17217,39091,56307,17216.9,19443.03
1987,1,18.656,35.423,1010,303.61,274,2463,1650,1456,950,1291,275,4004,1235,1671,1491,2690,898.76,2518,1057.3,8480.3,2565,16583,39029,55612,16582.61,19700.36
1987,2,17.726,33.537,1010,319.04,264,2368,1670,1357,950,1191,241,3868,1215,1671,1475,2690,884.79,2548,1000.2,8388.6,2497,16124,38792,54916,16124.04,19483.59
1987,3,18.305,34.478,1010,308.75,46,2368,1700,1287,850,1281,193,3300,1195,1807,1485,2690,847.88,2528,977.88,8464.5,2445,15346,38829,54174,15345.75,19438.26
1987,4,18.643,34.928,1010,308.75,0,2179,1900,1310,925,1183,145,4030,1235,1701,1470,2690,922.7,2538,1031.1,8498.2,2465,15927,38921,54848,15926.75,19615
1987,5,19.415,36.245,1010,349.92,41,2463,1900,1269,930,1348,270,4197,1265,1726,1501,2690,912.72,2563,1020.5,8336.3,2464,16769,38883,55652,16768.92,19487.52
1987,6,20.034,37.269,1010,365.36,41,2368,2000,1374,950,1413,338,4238,1435,1766,1587,2690,897.76,2538,852.02,8278.5,1881,17298,38055,55353,17298.36,18724.28
1987,7,21.355,39.622,1085,360.21,51,2368,1950,2063,1100,1413,434,4602,1605,1887,1607,2690,922.7,2528,1006.9,8251,2416,18918,38998,57916,18918.21,19421.6
1987,8,20.274,37.419,1085,360.21,183,2558,2200,2063,1200,1401,405,4755,1855,1796,1627,2690,897.76,2553,803.61,8209.9,2382,19861,38852,58713,19861.21,19163.27
1987,9,19.526,35.85,1085,370.5,253,1989,2300,2026,900,1351,319,4653,1995,1746,1556,2690,897.76,2568,1031.1,8205.4,2387,18988,39119,58106,18987.5,19335.26
1987,10,19.848,36.347,1085,385.94,314,2273,2500,1601,1000,1401,309,4638,1895,1751,1536,2690,897.76,2563,1006.9,8363.6,2430,19153,39148,58301,19152.94,19487.26
1987,11,18.92,34.617,1085,437.4,314,2084,2550,1619,950,1451,290,4248,1895,1746,1516,2690,872.82,2568,1021.5,8397.2,2460,18669,39170,57839,18669.4,19525.52
1987,12,17.241,31.545,1085,447.69,314,2084,2600,1572,950,1351,290,4612,1645,1746,1562,2690,897.76,2568,982.72,8317.5,2474,18697,39216,57913,18696.69,19491.98
1988,1,17.16,31.316,990,439,293,2082,2588,1373,1147,1360,363,4155,1174,1853,1533,2712,895.02,2566,1114.8,8249.8,2524,17817,39316,57133,17817,19594.62
1988,2,16.765,30.516,1030,448,303,1983,2639,1239,1147,1410,427,4322,1028,1853,1614,2712,845.02,2536,1109.9,8374.1,2519,17829,39384,57213,17829,19710.02
1988,3,16.217,29.391,1050,451,303,2082,2689,1244,1147,1360,318,4332,1223,1853,1639,2712,855.02,2521,1148.4,8373.8,2519,18052,39522,57574,18052,19768.22
1988,4,17.875,32.23,1010,451,303,2181,2689,1342,1086,1415,318,4470,1389,1853,1579,2712,845.02,2496,1163.8,8287.6,2509,18507,39378,57885,18507,19592.42
1988,5,17.438,31.335,1040,451,303,2181,2639,1249,1147,1465,318,4484,1369,1853,1608,2692,825.02,2531,1100.3,8228.7,2367,18499,39103,57602,18499,19352.02
1988,6,16.53,29.578,1040,451,303,2082,2740,1456,1147,1465,323,4582,1369,1853,1606,2692,845.02,2536,876.43,8170.1,2003,18811,38456,57267,18811,18728.55
1988,7,15.498,27.614,1040,451,303,2280,2639,1420,1147,1410,323,4641,1394,1853,1649,2692,845.02,2536,1138.8,8039.6,2087,18901,38790,57691,18901,18987.42
1988,8,15.524,27.544,1040,451,303,2280,2639,1621,1147,1460,323,5177,1857,1853,1654,2697,845.02,2536,1022.5,8079.3,2052,20151,38697,58848,20151,18885.82
1988,9,14.467,25.498,1040,451,303,2380,2740,1714,1203,1515,323,5314,1915,1928,1606,2767,840.02,2291,1168.6,7894.9,2077,20826,38376,59202,20826,18644.52
1988,10,13.798,24.238,1040,460,303,2380,2740,1704,1259,1515,373,6336,1949,1928,1637,2792,845.02,2536,1187.8,8022.7,2033,21987,38899,60886,21987,19053.52
1988,11,13.977,24.532,1080,460,303,2479,2740,1807,1259,1465,373,6532,2047,2078,1654,2792,845.02,2516,1124.4,8023.3,2057,22623,38722,61345,22623,19011.72
1988,12,16.266,28.502,1080,460,303,2479,2740,1725,1259,1560,373,6655,2047,2078,1615,2792,845.02,2536,1197.4,7941.6,2047,22759,38833,61592,22759,18974.02
1989,1,17.983,31.354,1085,451.26,302,2748,2720,1237,1102,1474,389,4918,1647,1862,1580,2787,875.62,2538,1403.9,7937.3,1829,19935,38761,58696,19935.26,18950.82
1989,2,17.826,30.953,1085,451.26,272,2797,2720,1336,1102,1474,408,4673,1566,1862,1570,2787,875.62,2507,1314.6,7788.4,1779,19746,38471,58217,19746.26,18621.62
1989,3,19.445,33.571,1085,451.26,272,3141,2720,1375,1102,1626,330,4515,1590,1862,1540,2787,845.25,2548,1508.1,7574.9,1824,20069,38550,58619,20069.26,18627.25
1989,4,21.04,36.088,1085,446.3,272,2846,2823,1677,1154,1677,321,4914,1618,1862,1555,2687,860.44,2533,1550.7,7771.6,1723,20695,38354,59050,20695.3,18680.74
1989,5,20.032,34.165,1085,446.3,243,2454,2823,1984,1154,1677,398,5022,1618,1862,1560,2697,860.44,2533,1527.9,7816.2,1567,20766,38204,58971,20766.3,18561.54
1989,6,20.005,34.036,1085,456.22,272,2748,2772,2083,1154,1778,408,4825,1875,1913,1600,2697,865.5,2533,1405.9,7624.4,1377,21369,37638,59008,21369.22,18102.8
1989,7,19.644,33.342,1105,446.3,272,2748,2926,1885,1154,1879,389,4923,1823,1875,1535,2737,860.44,2528,1470.4,7444.1,1767,21425,38100,59526,21425.3,18341.94
1989,8,18.522,31.387,1105,456.22,292,2945,3080,1885,1154,1778,389,5022,1861,1926,1540,2767,870.56,2528,1555.7,7544.5,1854,21893,38525,60418,21893.22,18659.76
1989,9,19.594,33.097,1105,466.14,292,2797,2977,1885,1154,1778,389,5219,2046,1926,1580,2801,865.5,2462,1444.6,7547.9,1965,22034,38467,60501,22034.14,18666
1989,10,20.091,33.774,1105,471.1,292,2896,3080,1885,1154,1677,389,5317,2141,1977,1525,2826,865.5,2523,1559.7,7452.8,2061,22384,38687,61071,22384.1,18813
1989,11,19.82,33.24,1105,456.22,282,2748,3028,2073,1207,1879,369,5701,2236,1977,1595,2767,865.5,2523,1607.3,7536.1,1980,23061,38770,61831,23061.22,18873.9
1989,12,21.088,35.31,1105,461.18,282,2846,3080,2068,1207,1879,384,5696,2283,1977,1545,2742,870.56,2482,1428.7,7336.8,1890,23268,38206,61474,23268.18,18295.06
1990,1,22.641,37.523,1159.9,458.43,280,2700.2,2946.4,2003.4,1222.2,1731.4,390.21,5537,2052.4,1990.3,1483.1,2805.1,858.37,2520.3,1570,7546.2,1918,22472,38444,60916,22471.84,18701.07
1990,2,22.108,36.468,1159.9,473.38,280,3000.2,2946.4,2003.4,1375,1731.4,400.76,5636,2027.5,2140.3,1503.5,2785.1,858.37,2520.3,1580.9,7497.2,1818.3,23174,38000,61174,23174.24,18563.67
1990,3,20.418,33.497,1159.9,473.38,280,3000.2,2946.4,2184.1,1324.1,1731.4,421.85,5764.6,2052.4,2040.3,1610.1,2755,868.35,2510.3,1625.5,7433.3,1942.9,23379,38699,62077,23378.63,18745.45
1990,4,18.582,30.438,1159.9,473.38,280,2900.2,2997.2,1958.2,1273.1,1830.3,421.85,5888.3,2097.4,2040.3,1554.3,2755,858.37,2510.3,1635.4,7407.2,1923,23320,38481,61801,23320.13,18643.57
1990,5,18.237,29.804,1159.9,473.38,280,3200.2,3149.6,1958.2,1273.1,1731.4,384.94,5393.5,2107.4,2040.3,1533.9,2755,848.39,2485.3,1665.1,7328.3,1893.1,23152,38081,61233,23151.92,18509.09
1990,6,16.871,27.423,1159.9,478.36,280,3100.2,3251.2,1762.4,1273.1,1731.4,384.94,5398.4,2047.4,2040.3,1513.6,2765.1,873.34,2465.2,1496.6,7105.8,1838.3,22908,37497,60404,22907.6,18057.94
1990,7,18.638,30.179,1159.9,478.36,280,3050.2,3454.4,1857.8,1273.1,1731.4,390.21,5393.5,2047.4,2040.3,1549.2,2725,878.33,2485.3,1452,7173.3,1749.9,23157,37352,60509,23156.57,18013.03
1990,8,27.174,43.599,1159.9,478.36,300,3300.2,1016,100.42,1425.9,1830.3,421.85,5789.4,1647.9,2090.3,1549.2,2760,878.33,2535.4,1427.2,7286.6,1630.3,19561,37400,56961,19560.53,18067.03
1990,9,33.687,53.6,1189.9,488.32,290,3300.2,508,100.42,1425.9,1879.8,421.85,7659.8,2197.3,2290.4,1554.3,2820.2,888.31,2625.6,1620.5,7223.8,1759.8,21752,37757,59509,21751.89,18492.51
1990,10,35.922,56.814,1209.9,473.38,290,3000.2,457.2,75.315,1578.7,1929.3,421.85,7729,2307.1,2275.3,1605,2785.1,888.31,2645.6,1838.6,7541.9,1864.5,21747,38102,59849,21747.245,19169.01
1990,11,32.3,50.971,1209.9,478.36,290,3200.2,431.8,75.315,1527.8,1929.3,421.85,8223.9,2372,2320.4,1574.6,2810.1,888.31,2665.6,1883.2,7386.6,1826.7,22481,38187,60667,22480.825,19035.11
1990,12,27.337,43.139,1209.9,473.38,290,3300.2,431.8,75.315,1527.8,1929.3,390.21,8481.2,2446.9,2340.4,1600,2770.1,888.31,2665.6,1764.2,7337.5,1677.2,22896,37983,60879,22896.405,18702.91
1991,1,24.959,39.152,1230,493.33,298,3178.9,256.04,50.687,1500,1906.1,365.58,8074.6,2447.6,2395.9,1560.6,2821.5,882.44,2663.7,1874.6,7499.9,1675,22197,38501,60698,22196.737,18977.74
1991,2,20.523,32.146,1230,503.39,303,3278.3,0,0,1500,1906.1,407.36,8134.1,2472,2395.9,1620.8,2831.6,880.46,2677.7,1872.6,7637,1904.5,22130,38257,60387,22130.15,19424.66
1991,3,19.86,31.061,1230,503.39,303,3377.6,0,0,1450,1906.1,407.36,7935.7,2496.4,2395.9,1545.5,2826.6,885.41,2672.7,1856.7,7546,2068.4,22005,38637,60642,22005.45,19401.31
1991,4,20.823,32.519,1230,503.39,303,3278.3,204.83,0,1450,1906.1,407.36,7340.5,2496.4,2345.7,1445.1,2831.6,875.51,2658.7,1845.8,7508.5,1525.7,21466,37777,59242,21465.58,18690.91
1991,5,21.24,33.073,1230,503.39,282,3278.3,358.45,0,1450,1906.1,407.36,7340.5,2301.3,2345.7,1505.4,2831.6,870.57,2698.7,1930,7408.7,1396,21403,37662,59065,21403.1,18640.97
1991,6,20.195,31.353,1230,503.39,282,3278.3,358.45,76.03,1450,1857.5,407.36,8084.5,2301.3,2345.7,1525.4,2841.8,870.57,2723.8,1756.8,7320.3,1525.4,22175,37083,59258,22174.53,18564.07
1991,7,21.42,33.206,1230,493.33,303,3377.6,409.66,167.27,1450,1857.5,407.36,8406.9,2301.3,2345.7,1535.5,2841.8,870.57,2693.7,1771.6,7347,1805,22750,37502,60252,22749.62,18865.17
1991,8,21.688,33.523,1230,493.33,303,3377.6,409.66,197.68,1450,1906.1,407.36,8397,2301.3,2345.7,1580.6,2841.8,870.57,2663.7,1400.5,7316.2,1826.8,22819,36736,59555,22818.73,18500.17
1991,9,21.857,33.637,1230,493.33,303,3278.3,409.66,304.12,1500,1906.1,407.36,8332.5,2291.6,2345.7,1550.5,2836.7,870.57,2678.7,2113.1,7367.6,1895.5,22802,37793,60594,22801.67,19312.67
1991,10,23.228,35.695,1230,503.39,303,3278.3,409.66,435.91,1500,1808.9,407.36,8382.1,2379.3,2395.9,1505.4,2836.7,870.57,2683.7,1920.1,7437.3,1989.6,23034,37516,60550,23033.82,19243.37
1991,11,22.465,34.422,1230,503.39,303,3278.3,409.66,506.87,1550,1906.1,386.47,8372.2,2442.7,2395.9,1620.8,2841.8,870.57,2663.7,2028.9,7327.8,1974.6,23285,37511,60796,23284.59,19328.17
1991,12,19.517,29.883,1230,503.39,303,3476.9,409.66,527.15,1550,1930.4,323.8,8570.6,2408.6,2446.1,1585.6,2836.7,870.57,2678.7,2088.3,7298.9,1979.3,23680,37525,61204,23679.6,19338.07
1992,1,18.82,28.774,1230,504.85,297.39,3500,450,565,1550,1975,350,8790,2435,2390,1585,2830,890,2675,2230.1,7360.6,1920,24037,37235,61272,24037.24,19490.7
1992,2,18.995,28.937,1230,504.85,297.39,3500,450,630,1550,1925,325,8640,2425,2340,1560,2865,890,2665,2064.3,7388.6,1905,23817,36618,60435,23817.24,19337.9
1992,3,18.916,28.672,1230,504.85,317.56,3350,450,735,1450,1900,375,8260,2300,2190,1620,2835,890,2680,2124.6,7348.3,1755,23062,36723,59786,23062.41,19252.9
1992,4,20.243,30.639,1230,529.59,317.56,3250,450,862.5,1500,1925,375,8212.5,2300,2190,1535,2855,900,2680,2174.8,7292.5,1835,23142,37004,60146,23142.15,19272.3
1992,5,20.94,31.649,1210,509.8,317.56,3250,450,915,1450,1925,375,8265,2300,2290,1510,2835,900,2660,1913.7,7168.6,1700,23257,35760,59017,23257.36,18687.3
1992,6,22.375,33.697,1210,544.44,317.56,3250,450,1015,1450,1925,375,8315,2275,2290,1560,2830,880,2680,2089.5,7167.3,1545,23417,35843,59260,23417,18751.8
1992,7,21.759,32.699,1210,544.44,322.6,3300,450,1080,1450,1975,400,8350,2300,2290,1630,2825,870,2660,2089.5,7131.1,1780,23672,36053,59725,23672.04,18985.6
1992,8,21.35,31.994,1210,544.44,332.68,3450,450,1130,1425,2000,425,8400,2330,2340,1675,2815,875,2685,2049.3,6921.8,1825,24037,35675,59712,24037.12,18846.1
1992,9,21.902,32.728,1210,544.44,332.68,3450,450,1200,1475,2025,425,8450,2320,2390,1620,2860,870,2685,2079.4,7030.1,1830,24272,35701,59973,24272.12,18974.5
1992,10,21.688,32.294,1210,544.44,332.68,3650,450,1280,1500,2050,440,8505,2310,2440,1665,2875,870,2655,2215,7125.8,1930,24712,36059,60771,24712.12,19335.8
1992,11,20.342,30.247,1210,519.69,332.68,3650,450,1375,1500,2050,440,8500,2305,2440,1640,2845,870,2640,2260.2,7024.1,1945,24772,35710,60482,24772.37,19224.3
1992,12,19.407,28.877,1210,519.69,332.68,3550,450,1550,1500,2100,440,8575,2305,2415,1575,2785,870,2655,2290.4,7103.2,1935,24947,35856,60803,24947.37,19213.6
1993,1,19.075,28.244,1210,484.86,328.23,3650,500,1675,1480,2125,456.22,8500,2243.8,2484.3,1571.6,2885,884.9,2605,2025.5,6961,1820.8,25137,35481,60618,25137.41,18753.8
1993,2,20.053,29.588,1210,505.27,328.23,3750,500,1865,1425,2105,435.94,8440,2253.6,2463.7,1611.6,2875,884.9,2610,2126.3,6942.6,1931.2,25282,35692,60974,25281.74,18981.6
1993,3,20.347,29.917,1200,510.38,328.23,3700,500,1650,1350,2075,405.53,8300,2219.4,2412.2,1636.7,2885,884.9,2635,2337.9,6974.1,1715.5,24651,35608,60259,24650.74,19069.1
1993,4,20.27,29.721,1200,544.06,328.23,3500,500,1645,1350,2025,405.53,8000,2219.4,2412.2,1606.6,2900,884.9,2674,2353,6881.3,1700.6,24129,35426,59555,24129.42,19000.4
1993,5,19.94,29.197,1200,544.06,343.15,3650,500,1712.5,1350,2025,425.8,8000,2180.3,2412.2,1661.7,2925,915.42,2673,2272.4,6846.9,1750.6,24343,35399,59742,24343.01,19045.02
1993,6,19.07,27.884,1200,482.82,348.13,3650,500,1775,1350,1995,405.53,8150,2180.3,2412.2,1726.7,2960,915.42,2675,2000.3,6794.7,1680.4,24449,35009,59457,24448.98,18752.52
1993,7,17.866,26.124,1180,489.96,348.13,3800,500,1940,1350,1975,415.67,8240,2160.7,2463.7,1711.7,2930,884.9,2650,2378.2,6688.4,1936.2,24863,35200,60064,24863.16,19179.4
1993,8,18.009,26.26,1180,489.96,348.13,3500,500,2045,1370,2025,415.67,8345,2160.7,2463.7,1771.8,2855,884.9,2650,2257.3,6757.8,1946.2,24843,35043,59886,24843.16,19123
1993,9,17.514,25.486,1180,510.38,348.13,3650,530,2020,1370,2045,415.67,8270,2170.5,2453.4,1741.8,2895,884.9,2700,2161.5,6711.6,1951.3,24963,34934,59897,24963.08,19046.1
1993,10,18.145,26.295,1180,510.38,358.07,3700,530,2045,1390,2005,415.67,8145,2170.5,2474,1726.7,2975,884.9,2700,2408.4,6838.8,2066.7,24924,35437,60361,24923.62,19600.5
1993,11,16.699,24.183,1170,515.48,358.07,3550,540,2045,1370,2025,415.67,7995,2170.5,2474,1676.7,2945,884.9,2730,2494.1,6911.6,2202.1,24629,35796,60425,24628.72,19844.4
1993,12,14.51,21.013,1170,520.58,358.07,3700,540,2050,1370,2175,415.67,8000,2170.5,2474,1711.7,2898,884.9,2745,2544.5,6857.6,2277.4,24944,35869,60812,24943.82,19919.1
1994,1,15,21.663,1180,507.73,347.23,3617.9,545,1986,1370,2085,416.13,8068.3,2180.6,2563.8,1671.7,2900,890.53,2740.8,2443.8,6816.8,2280,24868,36202,61069,24867.69,19743.63
1994,2,14.78,21.273,1180,522.66,347.23,3568.1,545,1988.5,1370,2085,402.1,8060.9,2204.8,2563.8,1724.6,2920,890.53,2705.9,2518.8,6770.3,2280,24838,36052,60890,24838.09,19810.13
1994,3,14.66,21.028,1180,502.75,347.23,3667.6,545,1996,1370,2037.6,416.13,8068.3,2180.6,2563.8,1709.5,2920,890.53,2680.9,2463.8,6745.6,2315,24875,35924,60799,24875.01,19725.33
1994,4,16.38,23.464,1180,522.66,352.05,3518.3,555,2010.9,1370,1961.8,416.13,8083.3,2180.6,2553.5,1674.2,2940,880.29,2695.9,2403.8,6612.1,2340,24704,35634,60338,24704.24,19546.29
1994,5,17.88,25.595,1180,537.59,352.05,3568.1,555,2040.8,1370,1990.2,416.13,8063.4,2190.3,2574.1,1708.8,2940,880.29,2685.9,2518.8,6688.2,2345,24838,35944,60781,24837.67,19766.99
1994,6,19.07,27.206,1180,537.59,361.7,3667.6,555,2040.8,1370,1980.7,425.48,8063.4,2209.6,2574.1,1731.5,2950,880.29,2671,2583.8,6610.6,2340,24966,36130,61096,24965.97,19767.19
1994,7,19.65,27.958,1180,547.55,371.34,3568.1,555,2040.8,1380,1885.9,444.18,8073.3,2209.6,2594.7,1804,2940,890.53,2671,2463.8,6500.9,2275,24851,35847,60697,24850.47,19545.23
1994,8,18.38,26.046,1180,547.55,371.34,3617.9,555,2040.8,1390,1544.8,406.78,8093.3,2209.6,2615.3,1792.6,2950,905.88,2671,2463.8,6544.2,2315,24572,36017,60589,24572.37,19642.48
1994,9,17.46,24.676,1180,547.55,385.81,3667.6,555,2040.8,1370,1904.9,416.13,8153.1,2209.6,2615.3,1819.7,2910,905.88,2675.9,2493.8,6608.8,2475,25046,36152,61198,25045.79,19889.08
1994,10,17.71,25.012,1180,552.53,380.99,3617.9,555,2035.8,1390,1971.2,360.02,8217.8,2170.9,2615.3,1738.4,2950,911,2680.9,2808.8,6658,2435,25047,36648,61695,25047.44,20182.1
1994,11,18.1,25.529,1180,552.53,380.99,3717.4,555,2035.8,1390,1876.5,425.48,8217.8,2170.9,2615.3,1781.3,2970,911,2671,2818.8,6628.3,2485,25118,36752,61869,25117.7,20265.4
1994,12,17.16,24.203,1180,552.53,380.99,3617.9,555,2040.8,1390,1862.2,434.83,8272.7,2200,2605,1795.8,2980,911,2671,2848.8,6759.7,2605,25092,37099,62191,25091.95,20571.3
1995,1,17.99,25.273,1184.9,579.96,400,3585,560,2070,1390,1965,416.26,8120,2238.4,2600,1780.3,2925.2,920,2680,2660.8,6682.2,2519.9,25110,36676,61785,25109.52,20168.4
1995,2,18.53,25.928,1184.9,579.78,400,3685,560,2070,1390,1945,434.42,8220,2238.4,2600,1762.8,2974.7,920,2645,2607.1,6794.5,2609.7,25308,36997,62305,25307.5,20313.8
1995,3,18.55,25.87,1184.9,609.77,400,3485,560,2060,1390,1855,443.49,8110,2238.4,2600,1727.9,2974.7,920,2670,2680.3,6600.4,2564.8,24937,36620,61557,24936.56,20138.1
1995,4,19.87,27.62,1184.9,629.76,400,3635,560,2070,1390,2015,443.49,8220,2238.4,2670,1799.1,2974.7,920,2670,2734,6603.7,2569.8,25457,36902,62359,25456.55,20271.3
1995,5,19.74,27.385,1184.9,644.75,400,3835,560,2050,1390,2045,443.49,8400,2238.4,2790,1742.2,2954.9,920,2680,2748.6,6629.3,2305.5,25982,36382,62363,25981.54,19980.5
1995,6,18.42,25.503,1184.9,659.75,390,3585,560,2050,1390,1925,443.49,8100,2238.4,2790,1834.7,2954.9,920,2700,2485.1,6578.6,1856.6,25317,36188,61505,25316.54,19329.9
1995,7,17.3,23.953,1215.1,659.75,385,3535,560,2060,1390,1945,443.49,8410,2238.4,2790,1831,2954.9,920,2705,2763.3,6448.8,2350.4,25632,36825,62457,25631.74,19973.4
1995,8,18.03,24.898,1215.1,659.75,375,3685,560,2075,1390,2000,443.49,8425,2238.4,2790,1793.2,2989.6,920,2710,2563.2,6446.7,2405.2,25857,36732,62588,25856.74,19827.9
1995,9,18.23,25.125,1215.1,654.75,390,3635,560,2035,1390,2005,443.49,8315,2238.4,2790,1877.7,3044.2,920,2740,2773,6416.1,2654.6,25672,37311,62983,25671.74,20425.6
1995,10,17.44,23.958,1215.1,689.73,390,3735,560,2065,1390,2025,443.49,8315,2238.4,2840,1828,3044.2,920,1900,3022,6421.1,2739.4,25907,36735,62642,25906.72,19874.7
1995,11,17.99,24.73,1225.1,689.73,385,3635,560,2070,1390,2075,452.57,8020,2238.4,2840,1828,3044.2,920,2555,3051.2,6585.3,2684.5,25581,37260,62841,25580.8,20668.2
1995,12,19.04,26.19,1225.1,689.73,390,3685,560,2015,1390,2110,452.57,8110,2174.8,2890,1857.8,3044.2,920,2765,3085.4,6529.9,2614.7,25692,37539,63231,25692.2,20817
1996,1,18.88,25.819,1220,705,398.79,3735,550.25,2037.5,1400,1973.8,500,8117.5,2290,2829.3,1788.3,3115,920,2795,3072.3,6495.3,2600,25757,37403,63160,25757.14,20785.9
1996,2,19.07,25.994,1220,705,398.79,3685,550.25,2057,1400,1992.2,500,8248,2265,2829.3,1717.8,3100,920,2800,3150,6576.8,2625,25851,37707,63558,25850.54,20889.6
1996,3,21.36,28.966,1210,700,398.79,3715,550.25,2057,1400,2001.4,500,8248,2285,2877.4,1813.5,3050,920,2870,2980.1,6571.5,2570,25943,37466,63409,25942.84,20775.1
1996,4,23.57,31.84,1230,715,398.79,3685,550.25,2067,1400,1973.8,505,8088,2250,2877.4,1853.8,3020,920,2860,3145.2,6443.9,2467,25740,37521,63261,25740.24,20709.9
1996,5,21.25,28.651,1245,715,398.79,3635,550.25,2055,1400,2010.5,505,8135,2275,2877.4,1768.2,3195,920,2875,2970.4,6393.8,2512,25802,37459,63261,25801.94,20634.4
1996,6,20.45,27.555,1250,715,398.79,3685,550.25,2065,1400,2010.5,505,8195,2270,2877.4,1828.6,3205,920,2880,3135.5,6458.2,2457,25922,37659,63581,25921.94,20884.3
1996,7,21.32,28.672,1250,720,398.79,3685,550.25,2065,1400,1983,505,8295,2260,2925.5,1808.5,3150,920,2870,3185,6337.8,2537,26038,37630,63667,26037.54,20808.3
1996,8,21.96,29.477,1250,720,383.45,3715,550.25,2040,1400,2001.4,505,8220,2260,2973.6,1872,3130,920,2830,3011.2,6360.1,2385,26019,37320,63339,26018.7,20508.3
1996,9,23.99,32.1,1250,700,393.68,3735,550.25,2070,1400,1964.6,525,8200,2310,2973.6,1853.8,3140,920,2860,3082.1,6481.9,2517,26072,37737,63810,26072.13,20854.8
1996,10,24.9,33.212,1260,700,393.68,3635,550.25,2075,1400,2023.7,525,8255,2310,3021.7,1936.4,3165,920,2860,2994.6,6480.9,2642,26149,38017,64167,26149.33,20998.9
1996,11,23.71,31.565,1260,700,393.68,3685,550.25,2075,1400,2032.9,505,8255,2250,3069.8,1889.1,3190,930,2860,3193.7,6475.6,2743,26177,38439,64616,26176.63,21281.4
1996,12,25.39,33.802,1260,710,393.68,3635,887.31,2077,1410,2037.5,545,8358,2305,3117.9,1905.2,3115,930,2900,3182.1,6506,2760,26736,38452,65189,26736.39,21298.3
1997,1,25.17,33.403,1260,694.35,392.56,3685,1056.2,2009.3,1430,2098.4,496.26,8071.9,2300,3156.5,1903.3,3210,867.06,2940,3252.5,6402.1,2693.8,26650,38472,65123,26650.47,21268.76
1997,2,22.21,29.383,1270,709.23,392.56,3685,1095.1,2001.6,1430,2125.7,496.26,8211.6,2330,3156.5,1950,3240,867.06,2970,3247.6,6514.3,2660.8,26903,38576,65480,26903.55,21449.76
1997,3,20.99,27.699,1280,714.19,387.46,3685,1143.8,2028.6,1440,2062,496.26,8316.1,2360,3166.3,1929.7,3215,871.96,2970,3055.4,6452,2638.8,27080,38386,65465,27079.71,21132.86
1997,4,19.72,25.991,1280,714.19,397.65,3685,1241.1,2030.5,1450,2125.7,496.26,8367.9,2360,3186.1,1851.5,3230,871.96,2945,3367.8,6441.3,2515.8,27334,38657,65991,27334.4,21223.36
1997,5,20.83,27.471,1280,714.19,387.46,3635,1289.8,1953.4,1450,2089.3,513.03,8348.3,2210,3205.9,1764.2,3275,862.16,2990,3181.3,6474.3,2315.8,27076,38261,65337,27076.38,20862.76
1997,6,19.17,25.25,1260,704.27,367.07,3735,588.98,1975.6,1450,2153,584.32,8340.5,2325,3225.7,1863.7,3220,852.36,3005,3018.8,6441.7,2135.7,26709,37858,64567,26709.44,20537.26
1997,7,19.63,25.824,1280,709.23,367.07,3685,588.98,1994.9,1450,2143.9,580.12,8360,2325,3235.6,1918.5,3190,862.16,3035,3181.3,6409.4,2447.6,26720,38292,65012,26719.8,21043.96
1997,8,19.93,26.17,1280,714.19,377.26,3685,1474.7,1994.9,1450,2162.1,580.12,8457.7,2325,3354.3,1924.6,3190,852.36,3080,2889,6347.4,2407.6,27855,38037,65892,27855.27,20690.96
1997,9,19.79,25.921,1280,711.21,397.65,3485,1688.8,1999.7,1450,2116.6,580.12,8462.6,2325,3393.9,1960.2,3195,842.56,3105,2924.6,6485.8,2483.7,27891,38352,66243,27890.58,20996.86
1997,10,21.26,27.778,1280,719.15,392.56,3635,1581.7,1999.7,1450,2207.6,580.12,8462.6,2325,3393.9,1986.6,3195,842.56,3087,3195.7,6467.2,2610.7,28027,38733,66761,28027.33,21384.76
1997,11,20.17,26.37,1280,719.15,402.75,3685,1353,1999.7,1450,2171.2,596.9,8413.8,2305,3423.6,2000.8,3158,842.56,3085,3179.4,6459.3,2602.7,27800,38815,66615,27800.1,21327.76
1997,12,18.32,23.981,1290,743.95,397.65,3685,760.28,2096.1,1450,2134.8,596.9,8521.2,2310,3453.3,2016,3090,842.56,3056,3215,6531.1,2700.7,27439,38989,66428,27439.18,21451.36
1998,1,16.71,21.833,1290,735,388.42,3635,1261,2215,1462.7,2218,715,8765,2435,3440,1912,3240,827.93,3085,3277.1,6540.5,2597,28560,39089,67649,28560.12,21479.53
1998,2,16.06,20.945,1290,730,378.46,3635,1703,2210,1462.7,2263,735,8760,2435,3410,1944,3155,827.93,3140,3216.4,6475.8,2583,29012,39004,68017,29012.16,21342.13
1998,3,15.02,19.552,1290,730,378.46,3635,1825,2210,1462.7,2380,735,8460,2480,3410,1952,3170,827.93,3160,3113.2,6407.7,2600,28996,38903,67899,28996.16,21230.83
1998,4,15.44,20.062,1270,710,378.46,3835,1985,2115,1412.3,2238,705,8585,2420,3240,1988,3140,827.93,3140,3148.9,6482.8,2602,28894,38868,67761,28893.76,21329.63
1998,5,14.86,19.273,1250,710,378.46,3635,2245,2105,1371.9,2230,705,8625,2330,3240,1943,3210,837.56,3149,2914.7,6346.9,2499,28825,38399,67225,28825.36,20900.16
1998,6,13.66,17.695,1240,710,378.46,3835,1920,2105,1371.9,2210,705,8325,2300,3210,1932,3260,837.56,3050,3129.6,6267.3,2495,28310,38638,66949,28310.36,20971.46
1998,7,14.08,18.216,1230,710,328.66,3585,2355,2075,1371.9,2160,685,8275,2280,3070,2045,3200,847.18,3120,3110.3,6194.4,2525,28126,38694,66819,28125.56,21041.88
1998,8,13.36,17.264,1220,730,378.46,3435,2555,2025,1351.7,2010,675,8225,2300,2990,2016,3180,837.56,3055,2455,6202.6,2536,27895,37934,65829,27895.16,20282.16
1998,9,14.95,19.295,1220,735,383.44,3685,2555,1972,1346.7,2010,665,8173,2300,2940,2064,3216,837.56,2906,2862.6,5789.2,2690,27985,37931,65916,27985.14,20365.36
1998,10,14.39,18.527,1220,765,388.42,3485,2555,1970,1346.7,1960,670,8220,2290,2990,2024,3150,837.56,2792,2917.6,6142.6,2718,27860,38174,66034,27860.12,20581.76
1998,11,12.85,16.544,1220,770,378.46,3635,2505,2020,1361.8,2060,675,8170,2290,3040,1989,3240,827.93,3147,2973.5,6139.9,2720,28125,38752,66878,28125.26,21037.33
1998,12,11.28,14.531,1220,785,368.5,3585,2305,2010,1361.8,2110,680,8110,2290,3040,1962,3215,827.93,3107,3038.1,6043.4,2821,27865,38836,66702,27865.3,21014.43
1999,1,12.47,16.025,1230,758.45,369.96,3664.8,2515,1995,1360,2080,665.68,8065,2239.5,3019.3,1892,3218.9,860,3144,3003.3,5963.4,2720.8,27963,38974,66937,27962.69,20802.4
1999,2,12.01,15.415,1240,758.45,379.95,3924.8,2655,2005,1360,2010,665.68,8165,2329.5,2999.4,1878,3223.9,860,3020,3005.3,5965.5,2727.8,28493,38766,67259,28492.78,20680.5
1999,3,14.66,18.76,1250,768.18,349.96,3794.8,2430,2020,1360,2160,742.13,8220,2234.5,2959.5,1835,3204,870,3053,2977.3,5882.6,2707.8,28289,38648,66937,28289.07,20529.7
1999,4,17.34,22.029,1210,748.73,349.96,3484.8,2655,1785,1320,2160,675.24,7665,2179.5,2800.1,1832,3179.1,870,2893,2956.1,5887.2,2745.8,27033,38462,65496,27033.33,20363.2
1999,5,17.75,22.55,1190,734.14,369.96,3434.8,2705,1815,1300,2190,656.12,7665,2129.5,2780.2,1882,3179.1,860,2926,2951.3,5874.9,2596.8,26970,38334,65303,26969.72,20270.1
1999,6,17.89,22.728,1180,734.14,366.96,3414.8,2355,1830,1290,2150,627.46,7610,2109.5,2760.2,1936,3179.1,850,2801,2738.5,5760.3,2428.8,26428,37833,64261,26428.06,19693.7
1999,7,20.07,25.421,1180,724.42,364.96,3514.8,2805,1830,1290,2130,656.12,7610,2129.5,2760.2,1959,3249.8,840,2920,3091.9,5798,2671.8,26995,38779,65774,26995,20530.5
1999,8,21.26,26.864,1190,729.28,379.95,3534.8,2855,1860,1290,2140,656.12,7710,2139.5,2760.2,1906,3159.1,840,2848,2874.3,5780.2,2698.8,27245,38419,65664,27244.85,20106.4
1999,9,23.88,30.03,1190,739.01,379.95,3484.8,2855,1885,1300,2150,656.12,7735,2144.5,2760.2,1857,3134.2,850,2861,2870.4,5803.8,2669.8,27280,38429,65708,27279.58,20046.2
1999,10,22.64,28.42,1190,748.73,389.95,3534.8,2670,1925,1310,2170,656.12,7845,2144.5,2760.2,1892,3166.1,840,2766,3068.8,5947.1,2761.8,27344,38871,66215,27344.3,20441.8
1999,11,24.97,31.326,1190,748.73,379.95,3484.8,2205,1905,1320,2160,656.12,7865,2104.5,2780.2,2006,3233.9,840,2852,3290.4,5960.4,2781.8,26799,39395,66194,26799.3,20964.5
1999,12,26.08,32.719,1190,748.73,389.95,3434.8,1405,1922,1330,2050,665.68,7863,2154.5,2780.2,2002,3213.9,840,2793,3390.5,5958.6,2696.8,25934,39450,65384,25933.86,20894.8
2000,1,27.18,33.998,1205,760,390,3444.1,2215,1917.7,1330,2030.3,695,7863,2265,2985.1,1979,3250,798.18,3032,3256.7,5784.4,2501.7,27100,39321,66422,27100.2,20601.98
2000,2,29.35,36.496,1205,760,390,3503.8,2595,1969.6,1380,2080.5,705,7865,2270,3049.3,1991,3280,793.25,2897,3368.7,5851.8,2430.8,27773,39270,67044,27773.2,20612.55
2000,3,29.89,36.864,1205,760,390,3712.5,2215,1994,1390,2100.7,705,7865,2320,3049.3,1892,3280,788.32,2998,3271.3,5918.2,2461.9,27706,39369,67076,27706.5,20609.72
2000,4,25.74,31.727,1245,750,375,3652.9,2655,2052.6,1400,2161,715,8100,2400,3102.9,1894,3300,793.25,3041,3080.4,5854.2,2343.4,28609,39129,67738,28609.4,20306.25
2000,5,28.78,35.433,1255,760,370,3662.8,3055,2052.6,1400,2130.8,735,8200,2400,3135,1990,3250,783.39,3040,3174.9,5846.5,2123.2,29156,39092,68248,29156.2,20207.99
2000,6,31.83,38.983,1265,750,373,3682.7,2565,2101.5,1420,2161,735,8250,2300,3156.5,2020,3295,778.45,3056,3014.2,5822.9,2248.3,28760,39280,68040,28759.7,20234.85
2000,7,29.77,36.376,1265,750,401,3727.4,2525,2121.1,1425,2201.2,755,8390,2340,3177.9,1986,3280,764.65,2876,3417.4,5739.4,2331,29079,39585,68664,29078.6,20394.45
2000,8,31.22,38.147,1275,760,410,3727.4,2995,2123.5,1420,2181.1,755,8822.5,2400,3188.6,1955,3205,753.8,3162,3054.1,5788.7,2178.1,30058,39431,69489,30058.1,20096.7
2000,9,33.88,41.183,1265,740,425,3732.4,2875,2121.1,1430,2130.8,755,8975,2410,3188.6,2007,3220,748.87,3173,3041.5,5757.7,2127.8,30048,39452,69499,30047.9,20075.87
2000,10,33.08,40.141,1285,723,420,3811.9,3005,2160.2,1440,2231.4,760,8800,2430,3263.6,1961,3210,743.93,2861,3270.3,5809,2145.2,30330,39615,69945,30330.1,20000.43
2000,11,34.4,41.719,1280,723,415,3806.9,2815,2165,1440,2281.6,765,8900,2435,3263.6,2029,3206,739,2965,3348.2,5832.7,2195.5,30290,40209,70499,30290.1,20315.4
2000,12,28.46,34.535,1295,721,380,3881.5,1355,2160.2,1445,2286.7,765,8800,2440,3295.7,2021,3212,736.04,3043,3357,5855.1,2217.8,28825,40412,69237,28825.1,20441.94
2001,1,29.58,35.669,1336.6,746,420,3935,1704.8,2169,1450,2285,775,8700,2382.5,3239.8,2032,3220,749.41,3087,3338.7,5798.9,2338,29144,40012,69156,29143.7,20564.01
2001,2,29.61,35.563,1305.1,749,408,3785,2156.7,2100,1400,2255,735,8320,2324.5,3166.6,2052,3330,739.41,3136,3165.9,5780.1,2279,28705,39980,68685,28704.9,20482.41
2001,3,27.24,32.642,1305.1,731,425,3835,2805.2,2070.4,1390,2285,735,8300,2363.2,3135.2,2070,3376,735.41,3151,3236.8,5880.3,2323,29380,39972,69352,29380.1,20772.51
2001,4,27.41,32.716,1289.4,739,425,3785,2878.9,1981.7,1380,2210,715,7950,2276.1,3051.5,2046,3302,732.41,3008,3311.7,5862.6,2318,28682,39740,68421,28681.6,20580.71
2001,5,28.64,34.03,1305.1,733,420,3685,2854.3,1964.9,1360,2140,725,8000,2224.9,3020.2,2027,3310,676.39,3031,3048.1,5829.4,2262,28432,39304,67736,28432.4,20183.89
2001,6,27.6,32.739,1326.1,728,424,3785,1085.8,2001.4,1370,2205,735,8050,2208.4,3030.6,1971,3312,707.4,3140,3037.1,5765.8,2128,26949,39228,66177,26949.3,20061.3
2001,7,26.45,31.463,1336.6,713,406,3875,2107.6,1991.5,1380,2140,735,8250,2189.1,3020.2,1953,3262,710.4,3185,3370.6,5748.6,2234,28144,39967,68111,28144,20463.6
2001,8,27.47,32.677,1336.6,701,408,3785,2824.9,2006.3,1380,2207,725,8070,2176.5,3009.7,1954,3303,714.4,3175,2981.2,5725.4,2211,28630,39660,68290,28630,20064
2001,9,25.88,30.647,1305.1,710,404,3655,2626.4,1942.2,1350,2360,685,7800,2102,2842.4,2009,3288,718.4,3177,3262.8,5709,2230,27782,40039,67822,27782.1,20394.2
2001,10,22.21,26.39,1284.1,754,401,3535,2860.2,1922.5,1320,2350,685,7670,2073,2873.8,2046,3313,713.4,2993,3364.7,5746.1,2361,27729,39993,67722,27728.6,20537.2
2001,11,19.67,23.411,1294.6,785,402,3535,2756.1,1912.6,1310,2350,665,7670,2073,2863.3,2082,3316,719.4,3168,3232.8,5881.4,2280,27617,40460,68077,27616.6,20679.6
2001,12,19.33,23.098,1294.6,820,403,3491,1989.7,1912.6,1310,2290,655,7600,2073,2873.8,2110,3272,721.4,3274,3357.7,5887.5,2418,26713,40946,67659,26712.7,21040.6
2002,1,19.67,23.451,1221,910,389.7,3385,2315,1850,1260,2150,625,7300,2060,2630,2091,3365,711.08,3253,3219.5,5847.6,2396,26096,40711,66807,26095.7,20883.18
2002,2,20.74,24.629,1215,950,382.65,3365,2545,1803,1280,2100,625,7210,2050,2600,2167,3330,713.07,3142,3290.5,5871.3,2392,26126,40774,66900,26125.65,20905.87
2002,3,24.42,28.837,1235,940,390.7,3385,2515,1850,1290,2120,635,7310,2055,2620,2159,3350,708.09,3125,2927.3,5883.5,2334,26346,40356,66701,26345.7,20486.89
2002,4,26.27,30.849,1245,940,388.69,3375,1215,1860,1300,2130,655,7455,2070,2530,2204,3333,714.06,3178,3297.5,5858.7,2388,25164,41016,66180,25163.69,20973.26
2002,5,27.02,31.73,1275,930,387.68,3395,1865,1880,1310,2070,675,7450,2060,2730,2130,3365,750.87,3136,3168.4,5923.7,2338,26028,40730,66758,26027.68,20811.97
2002,6,25.52,29.952,1285,895,389.7,3415,1525,1890,1320,2060,665,7500,2060,2735,2155,3415,719.04,3158,3058.4,5915.3,2323,25740,40872,66612,25739.7,20743.74
2002,7,26.94,31.584,1305,870,401.78,3425,1835,1910,1330,2050,675,7700,2080,2735,2201,3395,712.07,3145,3254.5,5770.3,2114,26317,40755,67071,26316.78,20591.87
2002,8,28.38,33.161,1315,910,395.74,3440,1505,1910,1330,2100,685,7730,2090,2765,2165,3490,708.09,3214,3036.4,5811.2,1953,26176,40621,66797,26175.74,20377.69
2002,9,29.67,34.611,1345,885,406.82,3485,1825,1930,1350,2143,695,7880,2103,2955,2135,3430,712.07,3162,2892.2,5411.4,2186,27003,40331,67333,27002.82,19928.67
2002,10,28.85,33.599,1395,895,392.72,3535,2425,1930,1350,2140,725,7900,2113,2980,2179,3447,709.09,3257,3133.4,5363.3,2364,27781,40962,68742,27780.72,20452.79
2002,11,26.27,30.594,1383,815,391.71,3535,2395,1940,1350,2150,730,8100,2100,2972,2224,3379,713.07,3080,3199.5,5596.6,2350,27862,40978,68840,27861.71,20542.17
2002,12,29.42,34.338,1445,820,391.71,3585,2325,1969.5,1350,2200,755,8049.5,2140,1020,2238,3371,714.06,3269,3102.4,5699.3,2375,26051,41131,67182,26050.71,20768.76
2003,1,32.94,38.278,1490,820,385,3624.9,2548.5,1951.3,1375,2344.7,713.21,8498.6,2200,630,2220,3354,724.52,3330,3131.2,5784.8,2256,26581,41145,67726,26581.21,20800.52
2003,2,35.87,41.364,1495,825,375,3699.1,2483.7,2010.6,1400,2395.5,736.59,8796.6,2250,1450,2215,3375,724.52,3325,3211.4,5790.6,2275,27917,41396,69313,27917.09,20916.52
2003,3,33.55,38.457,1555,850,370,3723.9,1369.5,2255.8,1405,2060.2,736.59,9381.7,2450,2390,2235,3385,719.51,3317,3161.3,5816.6,2250,28548,41303,69851,28547.69,20884.41
2003,4,28.25,32.453,1645,910,385,3718.9,52.873,2353.9,1430,1994.1,736.59,9520.5,2450,2555,2185,3445,719.51,3282,3056.1,5773.9,2145,27752,41014,68766,27751.863,20606.51
2003,5,28.14,32.379,1645,920,330,3718.9,292.26,2241.1,1435,2082.3,736.59,9322.2,2400,2665,2190,3430,719.51,3320,3041,5733.3,2005,27788,40979,68768,27788.35,20438.81
2003,6,30.72,35.309,1625,920,357,3718.9,451.86,2059.7,1430,2183.9,689.82,8628,2350,2640,2250,3450,714.51,3396,2771.5,5700.9,1950,27054,40899,67954,27054.18,20232.91
2003,7,30.76,35.317,1645,920,375,3748.7,571.55,2059.7,1430,2219.4,689.82,8538.7,2350,2640,2405,3405,704.5,3400,3036,5526.3,1988,27188,41386,68573,27187.87,20464.8
2003,8,31.59,36.132,1645,920,380,3748.7,1050.3,2059.7,1425,2294.7,689.82,8538.7,2340,2640,2365,3425,699.5,3426,2894.8,5595.1,1892,27732,41297,69028,27731.92,20297.4
2003,9,28.29,32.253,1645,920,477,3748.7,1399.4,2059.7,1425,2395.5,689.82,8479.2,2300,2640,2350,3371,708.51,3417,2884.7,5683.5,2047,28179,41514,69693,28179.32,20461.71
2003,10,30.33,34.616,1645,920,480,3748.7,1748.6,2157.7,1420,2395.5,689.82,8578.4,2330,2640,2325,3401,709.51,3398,3012,5634.7,2171,28754,41844,70598,28753.72,20651.21
2003,11,31.09,35.58,1645,920,497,3798.2,1848.3,2157.7,1420,2446.3,736.59,8429.7,2350,2540,2440,3426,704.5,3380,3137.2,5560.5,1955.7,28789,42040,70829,28788.79,20603.9
2003,12,32.15,36.833,1645,980,520,3912.2,1948,2255.8,1450,2497.1,736.59,8588.3,2400,2540,2480,3438,704.5,3455,3174.3,5578.7,2192.1,29473,42614,72087,29472.99,21022.6
2004,1,34.27,39.071,1645,1030,503,3950,2103,2300,1450,2348.4,751.46,8700,2400,2540,2414,3440,689.03,3417,3120.5,5570.3,2021.4,29721,42069,71790,29720.86,20672.23
2004,2,34.74,39.394,1645,1030,530,3950,2003,2300,1450,2348.4,761.01,8700,2420,2540,2470,3474,686.03,3360,3157.7,5555.9,1896.9,29677,42093,71770,29677.41,20600.53
2004,3,36.76,41.417,1645,1030,510,3960,2203,2355,1450,2348.4,761.01,8400,2370,2540,2440,3393,669.02,3368,3066,5607.5,2025.5,29572,42144,71716,29572.41,20569.02
2004,4,36.69,41.207,1645,1030,533,3970,2303,2350,1450,2348.4,761.01,8400,2220,2540,2363,3435,659.02,3439,3043.7,5526.5,1966,29550,42134,71684,29550.41,20432.22
2004,5,40.28,44.975,1645,1030,540,3980,1903,2400,1450,2348.4,761.01,8500,2280,2540,2384,3420,670.02,3394,3009.2,5548,1800,29377,41986,71363,29377.41,20225.22
2004,6,38.02,42.318,1665,1030,528.5,3990,1703,2400,1500,2394.5,799.22,9500,2510,2540,2430,3460,664.02,3436,3048,5398.3,1926,30560,42397,72958,30560.22,20362.32
2004,7,40.69,45.361,1695,1030,532,4010,2003,2400,1550,2394.5,799.22,9500,2530,2540,2410,3486,674.03,3363,3059.3,5457.7,1876,30984,42427,73410,30983.72,20326.03
2004,8,44.94,50.073,1695,1050,531.5,4030,1803,2400,1560,2302.2,799.22,9500,2600,2540,2370,3500,675.16,3354,2615.8,5333.1,1648,30811,41570,72380,30810.92,19496.06
2004,9,45.95,51.09,1695,1070,531.5,4030,2303,2400,1560,2302.2,799.22,9500,2600,2540,2407,3574,683.7,3431,2720.2,5062.3,1578.2,31331,41671,73002,31330.92,19456.4
2004,10,53.13,58.764,1695,1090,537,4035,2203,2400,1560,2302.2,799.22,9500,2602,2640,2369,3544,683.03,3451,2963.3,5156.5,1701.4,31363,42260,73623,31363.42,19868.23
2004,11,48.46,53.571,1725,1100,534,4050,1703,2400,1600,2302.2,799.22,9500,2602,2540,2435,3533,678.03,3364,2941.2,5396.1,1824.9,30855,42431,73286,30855.42,20172.23
2004,12,43.33,48.076,1725,1100,529,4060,1903,2400,1600,2210,799.22,9500,2602,2640,2295,3566,650.01,3222,2719.8,5413.5,1880.1,31068,41849,72917,31068.22,19746.41
2005,1,46.84,51.861,1750,1110,531.78,4060,1903,2450,1600,2430,835,9500,2502,2640,2329.6,3561,658.36,3351,2719.7,5441.3,1775,31312,41890,73202,31311.78,19835.96
2005,2,47.97,52.808,1755,1120,537.31,4080,1903,2500,1600,2480,835,9500,2502,2640,2298.2,3570,658.29,3349,2809,5493.8,1771.3,31452,42029,73481,31452.31,19949.59
2005,3,54.31,59.323,1775,1140,527.97,4080,1903,2500,1620,2580,835,9500,2552,2640,2172.3,3594,661.61,3252,2867,5601.2,1801.9,31653,42147,73800,31652.97,19950.01
2005,4,53.04,57.549,1775,1150,522.66,4090,1903,2500,1625,2640,835,9600,2602,2540,2300,3584,659.29,3409,2864,5555.8,1771.2,31783,42300,74082,31782.66,20143.29
2005,5,49.83,54.122,1775,1170,526.22,4100,1903,2500,1630,2690,835,9600,2402,2540,2359.9,3611,655.55,3441,2795,5580.5,1743.3,31671,42570,74241,31671.22,20186.25
2005,6,56.26,61.074,1805,1169,547.86,4210,1903,2500,1635,2695,835,9600,2402,2540,2330,3646,655.83,3425,2398,5460.1,1642.9,31842,42017,73859,31841.86,19557.83
2005,7,58.7,63.429,1805,1211,547.64,4220,2003,2500,1635,2695,835,9600,2502,2540,2339.3,3654,657.94,3082,2715,5240.1,1624.5,32094,41606,73700,32093.64,19312.84
2005,8,64.97,69.847,1825,1356,477.05,4230,1903,2500,1650,2590,835,9600,2552,2540,2371.7,3668,654.52,3414,2643,5218,1342.2,32058,41677,73736,32058.05,19311.42
2005,9,65.57,69.641,1825,1400,541.7,4190,2053,2600,1650,2635,835,9600,2602,2540,2262.4,3623,659.46,3367,2663,4204,1517.5,32472,40830,73301,32471.7,18296.36
2005,10,62.37,66.109,1825,1360,534.31,4150,1803,2600,1650,2695,835,9500,2602,2540,2462.4,3649,663.91,3221,2577,4534,1612,32094,41302,73396,32094.31,18719.31
2005,11,58.3,62.296,1825,1400,535.28,4150,1703,2600,1650,2695,835,9500,2602,2540,2547.9,3621,667.22,3311,2645,4836.7,1543.4,32035,41833,73869,32035.28,19172.22
2005,12,59.43,63.761,1825,1410,555.1,4100,1653,2600,1650,2695,835,9500,2602,2540,2644.8,3520,646.73,3388,2683.2,4984.4,1645.2,31965,42192,74157,31965.1,19512.33
2006,1,65.51,69.753,1825,1420,553.34,4100,1603,2600,1650,2560,835,9400,2602,2540,2595.5,3670,653.76,3372,2657,5105.9,1706.9,31688,41984,73673,31688.34,19761.06
2006,2,61.63,65.489,1825,1420,551.42,4050,1803,2550,1650,2410,835,9500,2602,2540,2504.2,3662,657.3,3311,2620,5044.9,1639.3,31736,41847,73583,31736.42,19438.7
2006,3,62.9,66.471,1825,1420,528.35,4000,1903,2525,1680,2370,835,9350,2602,2540,2410.6,3710,650.87,3350,2610,5044.9,1597.3,31578,41841,73419,31578.35,19373.67
2006,4,69.69,73.025,1825,1420,546.32,4000,1903,2525,1690,2370,835,9350,2602,2540,2531.3,3680,662.65,3370,2407,5128.3,1589.7,31606,41901,73507,31606.32,19368.95
2006,5,70.94,73.968,1785,1320,546.68,3950,1903,2525,1700,2370,835,9200,2602,2540,2341.1,3712,654.67,3329,2535,5161,1499.8,31277,41791,73068,31276.68,19232.57
2006,6,70.96,73.843,1795,1285,535.75,4030,2153,2550,1700,2465,835,9100,2602,2540,2335.9,3700,607.28,3287,2365,5159.8,1391.8,31591,41385,72976,31590.75,18846.78
2006,7,74.41,77.205,1805,1460,542.9,4035,2203,2550,1700,2380,855,9300,2702,2440,2512.4,3716,620,3232,2571,5101.6,1453.4,31973,42024,73997,31972.9,19206.4
2006,8,73.05,75.645,1805,1460,544.21,4035,2203,2550,1700,2430,885,9300,2702,2490,2543.5,3660,630,3252,2430,5059,1202.2,32104,41572,73677,32104.21,18776.7
2006,9,63.87,66.465,1835,1438,533.33,4035,2153,2550,1700,2430,885,9000,2702,2490,2600.5,3648.7,640,3258,2338,5037.3,1353.8,31751,41638,73390,31751.33,18876.3
2006,10,58.88,61.606,1835,1376,519.18,4060,2103,2550,1700,2530,885,8800,2702,2490,2601.9,3649.8,660,3173,2380,5106.1,1482.3,31550,42180,73730,31550.18,19053.1
2006,11,59.37,62.211,1805,1452,511.45,4020,2003,2500,1650,2480,845,8800,2602,2490,2657.8,3672.1,615,3163,2466,5104.7,1504.4,31158,42203,73362,31158.45,19183
2006,12,62.03,64.902,1805,1484,516.25,4020,2003,2450,1650,2480,835,8750,2602,2490,2668.7,3591.5,619,2978,2508,5166.4,1471.9,31085,42056,73141,31085.25,19003.5
2007,1,54.57,56.923,1838,1584,517.09,4040,1753.3,2450,1680,2365,835,8750,2613,2380,2548.6,3811.4,616,3143,2431,5123.2,1512.8,30805,41986,72791,30805.39,19186
2007,2,59.26,61.486,1832.8,1600,507.23,3900,2003.2,2420,1680,2390,825,8600,2573,2383,2585.7,3738.9,614,3148,2454,5125.1,1654.3,30714,42332,73047,30714.23,19320
2007,3,60.56,62.268,1828.6,1640,482.08,3900,2053,2420,1680,2275,825,8600,2612.1,2444.7,2701.4,3684.7,612,3182,2391,5105.9,1565.1,30760,42210,72971,30760.48,19242.1
2007,4,63.97,65.349,1824.9,1679,502.06,3900,2102.9,2420,1680,2400,825,8600,2611.4,2444.6,2605.3,3749,609,3182,2427,5189.2,1572,30990,42227,73217,30989.86,19333.5
2007,5,63.46,64.435,1821.5,1695,511.69,3900,2102.9,2420,1680,2240,825,8600,2610.8,2444.3,2581.7,3780.6,649,3110,2181,5197.2,1580.4,30851,41890,72741,30851.19,19079.9
2007,6,67.48,68.384,1828.4,1680,514.63,3900,2002.8,2420,1680,2230,835,8600,2610.3,2444.1,2485,3825.6,679,3206,1921,5096.5,1494.6,30745,41600,72345,30745.23,18707.7
2007,7,74.18,75.193,1828.4,1710,509.66,3900,2052.8,2445,1700,2380,865,8600,2609.8,2443.8,2599,3643,679,3166,2327,5024.2,1483.9,31044,41822,72866,31044.46,18922.1
2007,8,72.39,73.513,1823.8,1730.3,508.27,3900,1902.7,2500,1700,2380,865,8600,2659.3,2443.6,2795.2,3746,679,2843,2135.2,4913.6,1227.5,31013,41208,72221,31012.97,18339.5
2007,9,79.93,80.947,1831,1790.6,516.86,3900,2202.7,2500,1720,2380,865,8800,2708.9,2440,2688.9,3716,679,3137,2190,4883.7,1389.2,31655,41346,73001,31655.06,18683.8
2007,10,86.2,87.111,1842,1889.3,513.59,3900,2302.8,2500,1740,2330,869.17,8800,2711,2440,2656.9,3721.9,609,2983,2273,5043,1556,31838,41839,73677,31837.86,18842.8
2007,11,94.62,95.055,1852,1939.6,518.04,3900,2252.7,2520,1740,2400,883.33,9000,2242,2440,2674.5,3726.5,609,2888,2287,5016.9,1455.6,31688,41697,73385,31687.67,18657.5
2007,12,91.73,92.213,1852,1985.6,531.72,3900,2302.7,2550,1740,2430,887.5,9100,2659,2440,2469.3,3606.5,609,2931,2235,5056.2,1492.7,32379,41433,73812,32378.52,18399.7
2008,1,92.95,92.978,1826.3,1991.5,520.32,4000,2202.7,2550,1790,2230,891.67,9200,2709,2440,2528.3,3743.8,609,2928,2209,5099.5,1462.6,32352,41573,73925,32351.49,18580.2
2008,2,95.35,95.102,1825.6,1997.5,518.71,4000,2352.7,2600,1790,2100,915.83,9200,2709,2440,2560.6,3746.8,605,2909,2176,5121.9,1489,32449,41662,74112,32449.34,18608.3
2008,3,105.56,104.38,1825.3,2003.5,507.95,4000,2352.7,2600,1790,2330,920,9200,2710,2430,2654.5,3769,601,2839,2209,5150.7,1452.6,32669,41628,74297,32669.45,18675.8
2008,4,112.57,110.64,1825,2009.4,510.28,4000,2352.7,2600,1769,2130,934.17,9100,2710,2420,2528.8,3751,597,2757,2111,5116.8,1499.2,32361,41354,73714,32360.55,18360.8
2008,5,125.39,122.21,1824.7,2015.4,498.94,4000,2452.7,2600,1745,2060,938.16,9400,2710,2410,2453.2,3811,593,2791,2247,5101.7,1486,32655,41382,74037,32654.9,18482.9
2008,6,133.93,129.23,1824.5,2013.2,494.81,4000,2452.7,2607.2,1745,2140,942.41,9450,2710,2400,2487.7,3884.3,589,2833,2002,5097.7,1363.9,32780,41291,74071,32779.82,18257.6
2008,7,133.44,128.09,1824.5,2009.4,498.32,4100,2504.7,2614.3,1720,2120,946.51,9700,2710,2390,2676.9,3807.9,606,2778,2302,5132.7,1303.2,33138,41683,74821,33137.73,18606.7
2008,8,116.61,112.38,1824.1,1937.5,503.18,4100,2456.1,2621.5,1645,2216,950.76,9600,2711,2380,2696.2,3773.9,622,2759,2057,4893.6,1096.1,32945,40688,73634,32945.14,17897.8
2008,9,103.9,100.27,1823.9,1870.8,498.5,4100,2327.6,2628.7,1745,2210,954.76,9400,2710.7,2370,2591.4,3787.6,638,2722,2057,3930,1394,32640,40119,72759,32639.96,17120
2008,10,76.65,74.728,1824,1990,496.87,4100,2327.6,2628.7,1745,2185,924.76,9400,2660.9,2360,2607.3,3850.2,634,2757,2241,4669.3,1337.2,32643,41077,73720,32642.83,18096
2008,11,57.44,57.093,1824,1990,501.66,4100,2359,2485.7,1700,2180,884.76,8958.8,2561.1,2350,2710.7,3859.2,570,2711,2276,5024,1398,31895,41660,73555,31895.02,18548.9
2008,12,41.02,41.199,1824,1940,507.64,4100,2360.4,2493,1650,2080,884.76,8517.9,2561.3,2340,2654.1,3698.6,566,2717,2287,5056.5,1413.4,31259,41519,72778,31259,18392.6
2009,1,41.74,41.74,1758,1915,503.71,4007,2212,2350,1650,2172,860,8126.7,2411.4,2240,2615,3755.3,562,2685,2195,5246,1418.3,30206,41547,71753,30205.81,18476.6
2009,2,39.16,38.966,1757.3,1840,498.17,3963.5,2363.3,2350,1650,2116.9,934.76,8085.8,2411.6,2140,2701.8,3733,558,2663,2260,5258.1,1452.5,30111,41902,72013,30111.33,18626.4
2009,3,47.98,47.627,1757,1840,497.23,3970.3,2364.7,2350,1650,2065,909.76,8094.8,2411.8,2140,2615,3726.1,554,2652,2238,5269.8,1438.6,30051,41927,71978,30050.59,18493.5
2009,4,49.79,49.3,1757.4,1840,495.18,4029.6,2366.1,2350,1650,2122.2,909.76,8103,2412.2,2140,2658.3,3794.5,550,2642,2072,5227.5,1299.6,30175,41865,72040,30175.44,18243.9